title,year,decade,sexism_score,racism_score,homophobia_score,total_score
A Night at the Roxbury,1998,1990,34,3,10,47
At First Sight,1999,1990,15,5,11,31
The Avengers,1998,1990,18,8,2,28
Bamboozled,2000,2000,27,12,8,47
The Big Lebowski,1998,1990,13,7,18,38
Braveheart,1995,1990,21,3,1,25
The Breakfast Club,1985,1980,14,6,13,33
Chill Factor,1999,1990,3,9,3,15
Hannah and Her Sisters,1986,1980,46,7,21,74
The Last of the Mohicans,1992,1990,4,13,7,24
The Life Aquatic with Steve Zissou,2004,2000,21,7,10,38
Malcolm X,1992,1990,51,21,11,83
The Messenger: The Story of Joan of Arc,1999,1990,19,10,3,32
Spaceballs,1987,1980,16,11,5,32
The Godfather,1972,1970,12,7,6,25
The Godfather: Part II,1974,1970,36,15,14,65
Wonderland,2003,2000,13,4,11,28
The World Is Not Enough,1999,1990,34,19,5,58
Anomalisa,2015,2010,37,1,4,42
A Fantastic Woman,2017,2010,12,3,10,25
Booksmart,2019,2010,108,3,5,116
Breathe,2017,2010,21,6,1,28
Can You Ever Forgive Me?,2018,2010,25,4,15,44
Downton Abbey,2010,2010,12,2,11,25
Jojo Rabbit,2019,2010,26,6,8,40
Loveless,2017,2010,12,11,6,29
Mark Felt: The Man Who Brought Down the White House,2017,2010,25,7,18,50
Maudie,2016,2010,21,7,17,45
Norman,2016,2010,9,3,11,23
Novitiate,2017,2010,25,2,6,33
The Leisure Seeker,2017,2010,30,9,9,48
A Nightmare on Elm Street 3: Dream Warriors,1987,1980,28,5,8,41
A Nightmare on Elm Street 4: The Dream Master,1988,1980,30,8,10,48
A Nightmare on Elm Street 5: The Dream Child,1989,1980,29,3,9,41
Alien,1979,1970,20,83,5,108
The Company of Wolves,1984,1980,35,5,5,45
Evil Dead II,1987,1980,4,3,0,7
Jason Goes to Hell: The Final Friday,1993,1990,14,1,6,21
Friday the 13th Part VI: Jason Lives,1986,1980,15,13,8,36
Halloween II,1981,1980,13,1,5,19
Halloween,1983,1980,15,4,6,25
Halloween: Resurrection,2002,2000,13,2,1,16
The Lost World: Jurassic Park,1997,1990,10,6,11,27
King Kong,2005,2000,27,11,4,42
Stigmata,1999,1990,20,3,4,27
The Blair Witch Project,1999,1990,9,1,1,11
Hollow Man,2000,2000,17,4,7,28
10 Things I Hate About You,1999,1990,34,4,5,43
12 Monkeys,1995,1990,23,32,14,69
12 Years a Slave,2013,2010,10,16,11,37
127 Hours,2010,2010,17,1,1,19
1492: Conquest of Paradise,1992,1990,13,15,5,33
15 Minutes,2001,2000,33,8,5,46
17 Again,2009,2000,27,3,7,37
One Eight Seven,1997,1990,9,7,10,26
2012,2009,2000,54,19,8,81
42,2013,2010,21,3,9,33
500 Days of Summer,2009,2000,42,1,11,54
8MM,1999,1990,23,11,9,43
A Prayer Before Dawn,2017,2010,11,19,7,37
A Quiet Place,2018,2010,13,1,6,20
Above the Law,1988,1980,12,15,3,30
Absolute Power,1997,1990,27,7,8,42
The Addams Family,1991,1990,7,3,1,11
The Adjustment Bureau,2011,2010,15,2,15,32
The Adventures of Buckaroo Banzai Across the 8th Dimension,1984,1980,28,51,6,85
Affliction,1997,1990,16,1,8,25
After School Special,2002,2000,48,3,10,61
Agnes of God,1985,1980,16,2,7,25
Airplane II: The Sequel,1982,1980,34,10,28,72
Alien Nation,1988,1980,13,105,8,126
Aliens,1986,1980,20,83,5,108
Ali,2001,2000,20,83,5,108
All About Steve,2009,2000,33,3,6,42
Alone in the Dark,2005,2000,6,2,6,14
Amadeus,1984,1980,17,18,20,55
Amelia,2009,2000,25,9,5,39
American Beauty,1999,1990,42,2,15,59
American Gangster,2007,2000,16,13,12,41
American History X,1998,1990,26,6,16,48
American Hustle,2013,2010,31,16,18,65
American Milkshake,2013,2010,14,10,3,27
The American President,1995,1990,18,5,11,34
American Psycho,2000,2000,32,4,12,48
American Shaolin,1991,1990,28,3,4,35
American Splendor,2003,2000,33,5,12,50
The American,2010,2010,18,5,11,34
American Werewolf in London,2010,2010,18,1,9,28
Amour,2012,2010,13,1,7,21
An Education,2009,2000,38,3,8,49
Analyze That,2002,2000,26,10,7,43
Analyze This,1999,1990,22,3,14,39
Anastasia,1997,1990,44,4,3,51
Angel Eyes,2001,2000,22,3,7,32
Annie Hall,1977,1970,40,1,16,57
The Anniversary Party,2001,2000,39,3,5,47
Anonymous,2011,2010,15,4,4,23
Antitrust,2001,2000,17,6,10,33
Apocalypse Now,1979,1970,33,24,4,61
Apt Pupil,1998,1990,2,2,0,4
Arbitrage,2012,2010,10,6,10,26
Arctic Blue,1993,1990,40,7,5,52
Argo,2012,2010,5,14,6,25
Armageddon,1998,1990,15,4,17,36
Army of Darkness,1992,1990,10,1,2,13
Arthur,2011,2010,46,12,7,65
As Good as It Gets,1997,1990,30,10,23,63
Assassins,1995,1990,21,4,4,29
The Assignment,1997,1990,22,12,10,44
Austin Powers: International Man of Mystery,1997,1990,26,5,4,35
Austin Powers: The Spy Who Shagged Me,1999,1990,26,8,5,39
Authors Anonymous,2014,2010,31,7,1,39
Autumn in New York,2000,2000,39,4,17,60
Avatar,2009,2000,20,21,3,44
The Avengers,2012,2010,18,8,2,28
Awakenings,1990,1990,5,3,6,14
Babel,2006,2000,34,4,11,49
Backdraft,1991,1990,30,4,14,48
Bad Country,2014,2010,6,4,3,13
Bad Dreams,1988,1980,37,7,8,52
Bad Lieutenant,1992,1990,10,1,5,16
Bad Teacher,2011,2010,25,7,6,38
Barry Lyndon,1975,1970,27,36,8,71
Barton Fink,1991,1990,33,3,9,45
Basic Instinct,1992,1990,20,2,8,30
Basquiat,1996,1990,17,11,7,35
Batman Returns,1992,1990,19,30,7,56
Batman,1989,1980,12,60,5,77
The Battle of Shaker Heights,2003,2000,25,5,7,37
Bean,1997,1990,35,8,13,56
Beasts of No Nation,2015,2010,8,7,6,21
Beauty and the Beast,2017,2010,50,8,7,65
Beginners,2010,2010,21,2,7,30
Being Human,1994,1990,17,8,25,50
Being John Malkovich,1999,1990,51,2,5,58
Being There,1979,1970,11,17,8,36
The Believer,2001,2000,10,4,8,22
Annabelle,2014,2010,23,12,0,35
Beloved,1998,1990,26,3,15,44
The Big Blue,1988,1980,17,5,9,31
Big Eyes,2014,2010,49,2,7,58
Big Fish,2003,2000,24,6,8,38
The Big Sick,2017,2010,21,3,11,35
The Big White,2005,2000,36,3,13,52
Big,1988,1980,20,0,7,27
The Birds,1963,1960,24,12,10,46
Black Panther,2018,2010,13,8,8,29
Black Rain,1989,1980,14,2,4,20
Black Swan,2010,2010,28,3,7,38
BlacKkKlansman,2018,2010,23,8,11,42
Blade Runner,1982,1980,25,7,7,39
Blade: Trinity,2004,2000,14,5,5,24
Blade,1998,1990,47,7,15,69
Blue Velvet,1986,1980,42,9,11,62
Body Heat,1981,1980,36,12,15,63
Body of Proof,2011,2010,34,8,6,48
The Bodyguard,1992,1990,46,3,4,53
The Bonfire of the Vanities,1990,1990,15,18,5,38
Bonnie and Clyde,1967,1960,49,11,10,70
Boogie Nights,1997,1990,68,2,16,86
The Boondock Saints II: All Saints Day,2009,2000,31,25,8,64
The Boondock Saints,1999,1990,31,25,8,64
Bound,1996,1990,13,5,11,29
The Bourne Identity,2002,2000,12,2,6,20
The Bourne Ultimatum,2007,2000,3,0,6,9
The Box,2009,2000,10,7,5,22
The Boxtrolls,2014,2010,18,8,4,30
Boyhood,2014,2010,55,8,11,74
Breakdown,1997,1990,15,2,4,21
Brick,2005,2000,20,7,11,38
Bridesmaids,2011,2010,78,5,12,95
Bringing Out the Dead,1999,1990,7,5,17,29
Broken Arrow,1996,1990,3,1,9,13
The Brothers Bloom,2008,2000,28,8,5,41
Bruce Almighty,2003,2000,27,8,8,43
Bull Durham,1988,1980,61,7,16,84
Buried,2010,2010,9,3,3,15
Burlesque,2010,2010,73,2,2,77
Burn After Reading,2008,2000,20,0,5,25
Burning Annie,2004,2000,19,1,16,36
The Butterfly Effect,2004,2000,18,4,15,37
The Cable Guy,1996,1990,26,1,3,30
Candle to Water,2012,2010,25,14,17,56
Infamous,2006,2000,19,4,4,27
Carrie,1976,1970,40,5,9,54
Cars 2,2011,2010,12,8,6,26
Casino,1995,1990,34,10,23,67
Cast Away,2000,2000,29,11,7,47
Cedar Rapids,2011,2010,33,5,12,50
Cellular,2004,2000,40,3,3,46
Changeling,2008,2000,12,17,17,46
Chaos,2005,2000,18,3,2,23
Charade,1963,1960,17,1,13,31
Chasing Amy,1997,1990,34,4,30,68
Chasing Sleep,2000,2000,11,3,9,23
Cherry Falls,2000,2000,17,4,12,33
Chinatown,1974,1970,16,4,6,26
Chronicle,2012,2010,12,3,8,23
The Cider House Rules,1999,1990,32,5,14,51
The Cincinnati Kid,1965,1960,28,2,5,35
City of Joy,1992,1990,27,11,8,46
Clash of the Titans,2010,2010,34,18,2,54
Cliffhanger,1993,1990,15,3,9,27
Cobb,1994,1990,21,3,13,37
Coco,2017,2010,10,3,4,17
Code of Silence,1985,1980,12,2,2,16
Cold Mountain,2003,2000,32,10,8,50
Collateral Damage,2001,2000,22,9,3,34
Colombiana,2011,2010,22,9,1,32
Conan the Barbarian,2011,2010,9,8,3,20
Confessions of a Dangerous Mind,2002,2000,46,11,9,66
Constantine,2005,2000,11,14,3,28
Two and a Half Men,2003,2000,23,3,6,32
Coraline,2009,2000,60,7,11,78
Cradle 2 the Grave,2003,2000,22,17,6,45
Crank,2006,2000,15,6,4,25
Crash,1996,1990,6,5,0,11
Crazylove,2005,2000,20,2,9,31
Crime Spree,2003,2000,10,4,6,20
The Croods,2013,2010,20,6,6,32
The Crow: City of Angels,1996,1990,13,3,7,23
The Crow,1994,1990,17,3,10,30
Cruel Intentions,1999,1990,36,7,25,68
The Curious Case of Benjamin Button,2008,2000,30,10,16,56
Custody,2017,2010,7,11,7,25
Dallas Buyers Club,2013,2010,18,3,29,50
The Damned United,2009,2000,15,5,10,30
The Dark Knight Rises,2012,2010,23,34,10,67
Date Night,2010,2010,13,6,15,34
Complete Guide to Guys,2005,2000,22,8,10,40
Day of the Dead,1985,1980,13,4,6,23
The Day the Clown Cried,1972,1970,41,5,10,56
Dead Poets Society,1989,1980,20,2,6,28
Deadpool,2016,2010,23,27,11,61
Death at a Funeral,2010,2010,17,2,17,36
Death to Smoochy,2002,2000,30,9,7,46
The Deer Hunter,1978,1970,26,2,5,33
The Departed,2006,2000,12,21,10,43
The Descendants,2011,2010,28,5,9,42
Detroit Rock City,1999,1990,23,2,19,44
Devil in a Blue Dress,1995,1990,13,4,8,25
The Devil Wears Prada,2006,2000,26,1,5,32
Die Hard,1988,1980,11,2,4,17
Diner,1982,1980,25,0,13,38
The Distinguished Gentleman,1992,1990,37,4,53,94
Dogma,1999,1990,23,5,17,45
The Doors,1991,1990,80,15,11,106
Drive Angry,2011,2010,16,1,6,23
Drive,2011,2010,75,2,15,92
A Dry White Season,1989,1980,10,12,11,33
Dumb and Dumber,1994,1990,42,7,2,51
Dune,1984,1980,18,9,3,30
Eagle Eye,2008,2000,21,2,3,26
Eastern Promises,2007,2000,8,7,10,25
Edtv,1999,1990,38,7,12,57
Ed Wood,1994,1990,33,16,12,61
Eight Legged Freaks,2002,2000,11,5,3,19
Elizabeth: The Golden Age,2007,2000,21,17,4,42
Enough,2002,2000,34,19,5,58
Entrapment,1997,1990,31,10,8,49
Erin Brockovich,2000,2000,33,2,31,66
Escape from New York,1981,1980,4,3,2,9
Eternal Sunshine of the Spotless Mind,2004,2000,47,5,12,64
Event Horizon,1997,1990,7,7,8,22
Excalibur,1981,1980,27,8,4,39
Extract,2009,2000,23,2,14,39
The Fabulous Baker Boys,1989,1980,32,6,16,54
Fair Game,2010,2010,17,7,17,41
Fantastic Four,2005,2000,40,3,8,51
Fargo,2014,2010,21,2,2,25
Fast Times at Ridgemont High,1982,1980,36,6,5,47
Fatal Instinct,1993,1990,52,5,16,73
The Fault in Our Stars,2014,2010,43,7,17,67
Fear and Loathing in Las Vegas,1998,1990,10,23,18,51
Fight Club,1999,1990,15,11,12,38
The Fighter,2010,2010,21,1,4,26
Final Destination 2,2003,2000,9,7,16,32
Final Destination,2000,2000,19,3,4,26
Five Easy Pieces,1970,1970,25,8,9,42
Flash Gordon,1980,1980,12,10,3,25
Flight,2012,2010,38,10,7,55
The Jetsons Meet the Flintstones,1987,1980,19,7,9,35
Forrest Gump,1994,1990,15,1,7,23
Four Rooms,1995,1990,54,8,9,71
Fracture,2007,2000,13,3,7,23
Frances,1982,1980,29,10,13,52
Frankenweenie,2012,2010,17,5,4,26
Freaked,1993,1990,28,6,6,40
The French Connection,1971,1970,8,4,5,17
Friday the 13th Part VIII: Jason Takes Manhattan,1989,1980,12,3,8,23
Friday the 13th,2009,2000,17,2,2,21
Fright Night,1985,1980,31,5,5,41
From Dusk Till Dawn,1996,1990,25,8,18,51
Frozen River,2008,2000,21,1,2,24
Frozen,2013,2010,21,1,2,24
Fruitvale Station,2013,2010,11,1,2,14
The Fugitive,1993,1990,8,8,6,22
Game 6,2005,2000,21,6,4,31
The Game,1997,1990,32,5,11,48
Gamer,2009,2000,37,11,5,53
Gandhi,1982,1980,25,20,9,54
Gang Related,1997,1990,17,15,9,41
Gangs of New York,2002,2000,12,17,3,32
Gattaca,1997,1990,14,4,14,32
Get Carter,1971,1970,10,2,8,20
Get on Up,2014,2010,76,3,7,86
Get Out,2017,2010,26,5,14,45
The Getaway,1972,1970,9,6,2,17
Ghost Rider,2007,2000,31,6,14,51
Ghost World,2001,2000,32,6,20,58
Ghost,1990,1990,13,2,7,22
The Girl with the Dragon Tattoo,2011,2010,13,7,3,23
Gladiator,2000,2000,12,9,0,21
The Godfather Coda: The Death of Michael Corleone,1990,1990,12,7,6,25
Gods and Monsters,1998,1990,21,8,15,44
Godzilla,1998,1990,21,7,5,33
Gone Baby Gone,2007,2000,16,8,19,43
Gone in 60 Seconds,2000,2000,17,14,10,41
Good Will Hunting,1997,1990,21,4,12,37
Gothika,2003,2000,17,3,12,32
Go,1999,1990,36,2,8,46
Grabbers,2012,2010,12,9,12,33
The Graduate,1967,1960,15,1,16,32
Grand Theft Parsons,2003,2000,14,1,9,24
The Great Gatsby,2013,2010,38,18,8,64
The Green Mile,1999,1990,26,11,21,58
Gremlins 2: The New Batch,1990,1990,19,5,6,30
Gremlins,1984,1980,19,5,6,30
The Grifters,1990,1990,27,7,10,44
Grosse Pointe Blank,1997,1990,13,1,5,19
Groundhog Day,1993,1990,30,2,10,42
The Grudge,2004,2000,31,3,25,59
Hackers,1995,1990,16,6,5,27
Halloween,2018,2010,15,4,6,25
Hancock,2008,2000,20,27,9,56
The Hangover,2009,2000,42,3,9,54
Hanna,2011,2010,46,7,21,74
Hard to Kill,1990,1990,22,12,4,38
The Haunting,1999,1990,19,6,25,50
Heathers,1989,1980,48,5,11,64
Heat,1995,1990,23,4,9,36
Heavenly Creatures,1994,1990,24,10,13,47
The Hebrew Hammer,2003,2000,17,12,5,34
Heist,2001,2000,19,6,5,30
Hellboy II: The Golden Army,2008,2000,18,7,10,35
Hellboy,2004,2000,14,3,2,19
Hellraiser III: Hell on Earth,1992,1990,18,7,3,28
Hellraiser: Deader,2005,2000,7,2,4,13
Hellraiser,1987,1980,7,2,4,13
The Help,2011,2010,53,5,15,73
Henry Fool,1997,1990,20,9,10,39
Her,2013,2010,42,26,11,79
Hesher,2010,2010,21,3,12,36
Highlander,1986,1980,15,5,10,30
The Hills Have Eyes,2006,2000,19,7,7,33
Hitchcock,2012,2010,23,4,7,34
Hollow Man,1997,1990,17,4,7,28
Honeydripper,2007,2000,157,3,4,164
Horrible Bosses,2011,2010,26,17,6,49
The Hospital,1971,1970,15,25,10,50
Hostage,2005,2000,13,3,8,24
House of 1000 Corpses,2003,2000,39,4,10,53
How to Train Your Dragon 2,2014,2010,26,8,3,37
How to Train Your Dragon,2010,2010,15,10,16,41
The Hudsucker Proxy,1994,1990,24,2,8,34
Human Nature,2001,2000,43,11,15,69
The Hunt for Red October,1990,1990,15,4,8,27
I Am Number Four,2011,2010,8,10,3,21
Sam I Am,2002,2000,25,2,9,36
I Love You Phillip Morris,2009,2000,23,2,21,46
I Spit on Your Grave,2010,2010,18,1,10,29
I Still Know What You Did Last Summer,1998,1990,23,3,4,30
The Ice Storm,1997,1990,18,4,2,24
The Ides of March,2011,2010,6,1,8,15
The Imaginarium of Doctor Parnassus,2009,2000,37,6,15,58
In the Bedroom,2001,2000,21,3,9,33
In the Loop,2009,2000,18,29,4,51
Indiana Jones and the Last Crusade,1989,1980,12,5,6,23
Raiders of the Lost Ark,1981,1980,31,11,9,51
Indiana Jones and the Temple of Doom,1984,1980,29,7,6,42
Indiana Jones,1997,1990,29,7,6,42
Inglourious Basterds,2009,2000,43,7,6,56
The Insider,1999,1990,17,8,11,36
Insidious,2011,2010,20,4,17,41
Insomnia,2002,2000,14,1,8,23
Interstellar,2014,2010,16,9,17,42
Interview with the Vampire: The Vampire Chronicles,1994,1990,73,1,5,79
Into the Wild,2007,2000,43,5,6,54
Into the Woods,2014,2010,33,6,12,51
Intolerable Cruelty,2003,2000,32,14,14,60
Inventing the Abbotts,1997,1990,20,10,9,39
The Invention of Lying,2009,2000,35,7,9,51
Invictus,2009,2000,22,8,2,32
The Island,2005,2000,19,2,11,32
The Italian Job,2001,2000,23,8,8,39
It,2017,2010,25,5,19,49
Jackie Brown,1997,1990,24,6,7,37
Jane Eyre,2011,2010,21,11,11,43
Jaws 2,1978,1970,33,2,6,41
Jaws,1975,1970,15,7,9,31
Jay and Silent Bob Strike Back,2001,2000,23,5,7,35
Jennifer 8,1992,1990,31,5,12,48
Jerry Maguire,1996,1990,39,4,7,50
JFK,1991,1990,58,19,25,102
Jimmy and Judy,2006,2000,45,12,3,60
John Wick,2014,2010,8,2,0,10
Joker,2019,2010,13,6,12,31
Juno,2007,2000,34,2,3,39
Jurassic Park,1993,1990,10,6,11,27
Kalifornia,1993,1990,35,7,13,55
The Kids Are All Right,2010,2010,43,1,12,56
Kids,1995,1990,20,4,9,33
Kill Your Darlings,2013,2010,15,5,8,28
Killing Zoe,1993,1990,14,5,3,22
The King of Comedy,1982,1980,25,2,13,40
The Kingdom,2007,2000,15,9,7,31
Klute,1971,1970,31,8,4,43
Knocked Up,2007,2000,51,4,20,75
Kundun,1997,1990,34,18,10,62
Kung Fu Panda,2008,2000,7,2,5,14
La La Land,2016,2010,20,3,4,27
Labyrinth,1986,1980,21,3,5,29
The Ladykillers,2004,2000,14,5,5,24
Lake Placid,1999,1990,12,5,8,25
Land of the Dead,2005,2000,36,4,6,46
Larry Crowne,2011,2010,25,3,4,32
The Last Boy Scout,1991,1990,41,5,9,55
The Last Station,2009,2000,15,8,5,28
Law Abiding Citizen,2009,2000,20,5,11,36
Legally Blonde,2001,2000,29,9,7,45
Legend,1985,1980,25,11,9,45
Legion,2010,2010,15,3,8,26
The Lego Movie,2014,2010,36,6,10,52
Liar Liar,1997,1990,29,7,6,42
The Life of David Gale,2003,2000,22,3,7,32
Life of Pi,2012,2010,12,9,4,25
Life,1999,1990,13,2,8,23
The Limey,1999,1990,10,11,9,30
Limitless,2011,2010,31,24,11,66
The Lincoln Lawyer,2011,2010,21,8,6,35
Lincoln,2012,2010,21,8,6,35
Little Athens,2005,2000,10,3,13,26
Little Men,2016,2010,23,0,3,26
The Little Mermaid,1989,1980,15,18,3,36
Little Nicky,2000,2000,25,0,4,29
Living in Oblivion,1995,1990,20,1,9,30
Logan,2017,2010,30,9,7,46
Lone Star,1996,1990,29,6,7,42
The Long Kiss Goodnight,1996,1990,45,9,10,64
Looper,2012,2010,11,14,4,29
Lord of Illusions,1995,1990,11,2,4,17
The Lord of the Rings: The Return of the King,2003,2000,2,6,1,9
Lord of War,2005,2000,15,7,10,32
The Losers,2010,2010,17,5,2,24
Lost Highway,1997,1990,31,4,3,38
Lost in Space,1998,1990,9,29,4,42
Lost in Translation,2003,2000,16,3,0,19
Machete,2010,2010,22,16,7,45
Machine Gun Preacher,2011,2010,26,5,8,39
Magnolia,1999,1990,39,4,34,77
Major League,1989,1980,27,2,4,33
Man on Fire,2004,2000,24,6,7,37
Man on the Moon,1999,1990,23,20,18,61
Man Trouble,1992,1990,49,10,8,67
The Manchurian Candidate,2004,2000,24,15,7,46
Manhunter,1986,1980,17,1,12,30
Margaret,2011,2010,64,11,19,94
Margin Call,2011,2010,22,0,11,33
Margot at the Wedding,2007,2000,27,5,10,42
Martha Marcy May Marlene,2011,2010,22,1,15,38
The Martian,2015,2010,19,3,11,33
The Mask,1994,1990,37,18,10,65
Master and Commander: The Far Side of the World,2003,2000,5,8,10,23
The Master,2012,2010,18,6,14,38
The Matrix Reloaded,2003,2000,7,1,3,11
The Matrix,1999,1990,13,3,9,25
Max Payne,2008,2000,12,3,8,23
Mean Streets,1973,1970,14,0,11,25
The Mechanic,2011,2010,46,9,5,60
Meet Joe Black,1998,1990,40,4,16,60
Men in Black,1997,1990,18,36,8,62
The Men Who Stare at Goats,2009,2000,33,0,6,39
Metro,1997,1990,13,2,5,20
Miami Vice,2006,2000,6,8,6,20
Midnight Cowboy,1969,1960,24,5,16,45
Midnight Express,1978,1970,19,11,10,40
Midnight in Paris,2011,2010,50,2,7,59
Mighty Joe Young,1998,1990,26,15,12,53
Mighty Morphin Power Rangers: The Movie,1995,1990,11,14,3,28
Milk,2008,2000,14,10,3,27
Mimic,1997,1990,12,3,5,20
Mirrors,2008,2000,17,11,10,38
Mission: Impossible,1996,1990,32,4,3,39
Mission to Mars,2000,2000,44,11,14,69
Moneyball,2011,2010,28,3,13,44
Monkeybone,2001,2000,44,7,9,60
Moonrise Kingdom,2012,2010,8,8,3,19
Moonstruck,1987,1980,20,1,10,31
Moon,2009,2000,13,20,10,43
Mud,2012,2010,12,3,3,18
Mumford,1999,1990,40,6,20,66
The Mummy,1999,1990,39,5,2,46
Music of the Heart,1999,1990,45,2,14,61
My Week with Marilyn,2011,2010,55,6,9,70
Nashville,1975,1970,24,1,11,36
New York Minute,2004,2000,19,9,7,35
Next Friday,2000,2000,7,4,8,19
The Next Three Days,2010,2010,18,19,15,52
Next,2007,2000,21,13,5,39
Nick of Time,1995,1990,15,1,6,22
Nightbreed,1990,1990,19,8,19,46
The Nightmare Before Christmas,1993,1990,6,2,11,19
The Nines,2007,2000,22,1,9,32
Nine,2009,2000,27,8,18,53
Ninja Assassin,2009,2000,18,3,8,29
No Strings Attached,2011,2010,64,1,11,76
Notting Hill,1999,1990,75,8,8,91
Oblivion,2013,2010,20,1,9,30
Obsessed,2009,2000,48,4,24,76
Only God Forgives,2013,2010,9,2,12,23
Ordinary People,1980,1980,14,2,10,26
The Other Boleyn Girl,2008,2000,28,6,8,42
Out of Sight,1998,1990,22,3,8,33
The Pacifier,2005,2000,31,1,7,39
Pandorum,2009,2000,12,8,10,30
Panic Room,2002,2000,18,2,4,24
ParaNorman,2012,2010,9,3,11,23
Passengers,2016,2010,29,4,16,49
The Patriot,2000,2000,20,3,0,23
Paul,2011,2010,22,57,8,87
Peeping Tom,1960,1960,17,4,4,25
Peggy Sue Got Married,1986,1980,22,8,9,39
A Perfect World,1993,1990,27,9,16,52
The Perks of Being a Wallflower,2012,2010,30,4,17,51
Pet Sematary II,1992,1990,17,6,9,32
Pet Sematary,1989,1980,29,7,7,43
Philadelphia,1993,1990,16,1,26,43
Phone Booth,2002,2000,10,10,11,31
The Pianist,2002,2000,11,59,6,76
Pineapple Express,2008,2000,19,18,8,45
Pirates of the Caribbean: The Curse of the Black Pearl,2003,2000,20,3,5,28
Pitch Black,2000,2000,6,6,4,16
Pi,1998,1990,20,3,5,28
Pleasantville,1998,1990,50,5,112,167
Point Break,1991,1990,24,7,7,38
The Postman,1997,1990,24,4,11,39
The Power of One,1992,1990,11,10,8,29
Precious,2009,2000,29,16,6,51
Predator,1987,1980,21,22,7,50
The Prestige,2006,2000,13,5,9,27
Pretty Woman,1990,1990,52,4,8,64
Priest,2011,2010,15,9,3,27
The Producers,1967,1960,35,3,10,48
The Program,1993,1990,18,3,8,29
Prom Night,1980,1980,19,1,3,23
Prometheus,2012,2010,20,68,3,91
The Proposal,2009,2000,28,8,15,51
Psycho,1960,1960,28,39,21,88
Pulp Fiction,1994,1990,61,7,10,78
Purple Rain,1984,1980,68,7,9,84
Quantum Project,2000,2000,2,2,0,4
Queen of the Damned,2002,2000,40,11,7,58
The Queen,2006,2000,8,1,8,17
Rachel Getting Married,2008,2000,53,5,2,60
Raging Bull,1980,1980,28,4,24,56
Raising Arizona,1987,1980,63,1,9,73
Rambling Rose,1991,1990,201,24,29,254
The Reader,2009,2000,11,2,11,24
Reindeer Games,2000,2000,20,5,12,37
The Relic,1997,1990,12,15,6,33
Remember Me,2010,2010,27,4,5,36
Reservoir Dogs: Sundance Institute 1991 June Film Lab,1991,1990,18,1,15,34
Revolutionary Road,2008,2000,26,4,12,42
Ringu,1998,1990,6,6,4,16
Rise of the Guardians,2012,2010,31,2,6,39
Rise of the Planet of the Apes,2011,2010,18,5,14,37
RKO 281,1999,1990,27,4,4,35
Robin Hood: Prince of Thieves,1991,1990,20,20,7,47
The Rock,1996,1990,22,8,5,35
RocknRolla,2008,2000,12,10,16,38
Rocky,1976,1970,19,4,7,30
Ronin,1998,1990,35,8,2,45
The Roommate,2011,2010,28,3,6,37
Room,2015,2010,54,8,9,71
The Ruins,2008,2000,16,2,2,20
Runaway Bride,1999,1990,42,6,8,56
Rush Hour 2,2001,2000,23,7,8,38
Rush Hour,1998,1990,23,7,8,38
Rush,2013,2010,26,6,10,42
The Salton Sea,2002,2000,23,7,13,43
The Last Dance,2000,2000,31,9,16,56
Saving Private Ryan,1998,1990,10,3,1,14
Saw,2004,2000,18,9,4,31
Scarface,1983,1980,12,2,3,17
Scream 2,1997,1990,15,5,1,21
Scream 3,2000,2000,19,4,12,35
Se7en,1995,1990,28,39,21,88
The Secret Life of Walter Mitty,2013,2010,45,7,0,52
Sense and Sensibility,1995,1990,22,17,7,46
Serenity,2005,2000,20,10,7,37
The Sessions,2012,2010,27,3,9,39
Sex and the City,2008,2000,115,3,0,118
Shakespeare in Love,1998,1990,23,5,4,32
Shallow Grave,1994,1990,3,0,9,12
Sherlock Holmes,2009,2000,18,23,9,50
The Shipping News,2002,2000,51,12,16,79
Shivers,1975,1970,24,3,13,40
Shrek the Third,2007,2000,21,2,2,25
Shrek,2001,2000,21,2,2,25
Sicario,2015,2010,5,2,4,11
Wayside,2005,2000,48,3,7,58
The Siege,1998,1990,15,10,13,38
Signs,2002,2000,12,2,12,26
The Silence of the Lambs,1991,1990,24,11,5,40
Silver Linings Playbook,2012,2010,27,2,9,38
S1m0ne,2002,2000,27,3,3,33
Sister Act,1992,1990,26,5,4,35
Sleepless in Seattle,1993,1990,38,0,17,55
Sleepy Hollow,1999,1990,8,4,1,13
Sling Blade,1996,1990,47,7,15,69
Slither,2006,2000,21,9,21,51
Smashed,2012,2010,40,3,15,58
Snatch,2000,2000,45,15,16,76
Snow Falling on Cedars,1999,1990,26,7,16,49
So I Married an Axe Murderer,1993,1990,37,3,5,45
The Social Network,2010,2010,38,3,8,49
Source Code,2011,2010,7,8,10,25
Spanglish,2004,2000,61,2,13,76
Spartan,2004,2000,23,2,8,33
Sphere,1998,1990,11,19,9,39
Spider Man,1978,1970,26,10,5,41
Star Trek: Nemesis,2002,2000,18,16,3,37
Star Trek,2009,2000,12,13,7,32
Starman,1984,1980,14,7,4,25
State and Main,2000,2000,15,4,4,23
Stir of Echoes,1999,1990,20,1,8,29
Storytelling,2001,2000,9,6,6,21
Straight Outta Compton,2015,2010,26,18,15,59
Strange Days,1995,1990,27,12,9,48
The Stunt Man,1980,1980,40,10,18,68
Cougar Town,2009,2000,19,2,2,23
Super 8,2011,2010,11,6,7,24
Superbad,2007,2000,24,3,18,45
Supergirl,1984,1980,38,11,6,55
The Surfer King,2006,2000,26,1,3,30
Surrogates,2009,2000,21,16,6,43
Suspect Zero,2004,2000,23,9,6,38
Sweeney Todd: The Demon Barber of Fleet Street,2007,2000,69,32,6,107
Swordfish,2001,2000,15,4,3,22
Syriana,2005,2000,23,15,7,45
Take Shelter,2011,2010,20,1,6,27
Taking Lives,2004,2000,16,13,7,36
The Taking of Pelham One Two Three,1974,1970,20,4,19,43
Tamara Drewe,2010,2010,28,9,9,46
Taxi Driver,1976,1970,18,12,7,37
Terminator 2: Judgment Day,1991,1990,23,9,6,38
Terminator Salvation,2009,2000,22,3,6,31
The Terminator,1984,1980,25,5,9,39
The Rage: Carrie 2,1999,1990,21,3,14,38
The Theory of Everything,2014,2010,16,1,9,26
The Thing,1982,1980,17,8,13,38
Thirteen Days,2000,2000,24,10,12,46
This Is 40,2012,2010,41,5,8,54
Thor,2011,2010,19,14,6,39
Three Kings,1998,1990,17,3,4,24
Three Men and a Baby,1987,1980,44,4,9,57
The Three Musketeers,1993,1990,40,11,3,54
Thunderheart,1992,1990,14,8,10,32
Tin Cup,1996,1990,33,2,11,46
Tin Men,1987,1980,27,2,29,58
Tinker Tailor Soldier Spy,2011,2010,17,5,8,30
Titanic,1997,1990,38,6,6,50
TMNT,2007,2000,24,16,7,47
To Sleep with Anger,1990,1990,248,10,16,274
Tomorrow Never Dies,1997,1990,12,64,9,85
Total Recall,1990,1990,11,10,3,24
The Tourist,2010,2010,15,7,3,25
Traffic,2000,2000,35,4,10,49
The Transformers: The Movie,1986,1980,267,8,2,277
Two for the Money,2005,2000,40,1,14,55
U Turn,1997,1990,42,9,13,64
The Ugly Truth,2009,2000,54,4,10,68
Unbreakable,2000,2000,11,4,19,34
Under Fire,1983,1980,23,3,19,45
Unknown,2011,2010,22,5,7,34
Up in the Air,2009,2000,36,5,2,43
Up,2009,2000,13,13,15,41
Valkyrie,2008,2000,11,3,2,16
Vanilla Sky,2001,2000,22,4,8,34
The Verdict,1982,1980,11,8,11,30
Very Bad Things,1998,1990,30,3,11,44
Walking Tall,2004,2000,6,4,2,12
Wall Street: Money Never Sleeps,2010,2010,26,7,7,40
Wall Street,1987,1980,35,13,11,59
Wanted,2008,2000,19,10,4,33
War for the Planet of the Apes,2017,2010,29,15,14,58
War Horse,2011,2010,16,7,7,30
War of the Worlds,2005,2000,2,4,2,8
Warm Springs,2005,2000,21,8,7,36
Warrior,2011,2010,14,3,24,41
Watchmen,2009,2000,17,46,10,73
Water for Elephants,2011,2010,26,10,13,49
We Own the Night,2007,2000,28,9,13,50
What Lies Beneath,2000,2000,33,4,5,42
When a Stranger Calls,1979,1970,14,4,3,21
The Whistleblower,2010,2010,16,7,8,31
White Squall,1996,1990,14,4,7,25
Whiteout,2009,2000,12,4,5,21
Wild at Heart,1990,1990,91,9,18,118
The Wild Bunch,1969,1960,25,1,4,30
Wild Hogs,2007,2000,27,1,9,37
Wild Things: Diamonds in the Rough,2005,2000,25,1,6,32
Wild Things,1998,1990,25,1,6,32
Wild Wild West,1999,1990,20,22,9,51
Win Win,2011,2010,36,1,7,44
Witness,1985,1980,15,14,5,34
The Wolf of Wall Street,2013,2010,35,13,11,59
Wonder Boys,2000,2000,31,5,10,46
Wonder Woman,2017,2010,21,6,9,36
The Woodsman,2004,2000,20,5,9,34
The Wrestler,2008,2000,26,3,5,34
X Men Origins: Wolverine,2009,2000,13,7,3,23
xXx,2002,2000,22,9,12,43
Year One,2009,2000,24,25,4,53
Yes Man,2008,2000,66,4,4,74
You Can Count on Me,2000,2000,21,1,5,27
Zootopia,2016,2010,24,40,6,70
10 Cloverfield Lane,2016,2010,10,3,7,20
1408,2007,2000,26,0,9,35
28 Weeks Later,2007,2000,10,1,0,11
3 Idiots,2009,2000,50,7,20,77
30 Days of Night,2007,2000,13,2,4,19
A Fish Called Wanda,1988,1980,23,6,8,37
About Time,2013,2010,88,9,4,101
After Earth,2013,2010,30,16,4,50
Alice in Wonderland,2010,2010,13,4,11,28
Animal Kingdom,2010,2010,42,0,10,52
Back to the Future Part II,1989,1980,8,5,16,29
Bad Moon,1996,1990,13,20,10,43
Barely Legal,2003,2000,48,3,10,61
Black Christmas,2006,2000,24,2,1,27
Body Snatchers,1993,1990,15,13,5,33
Born on the Fourth of July,1989,1980,21,3,6,30
The Bourne Supremacy,2004,2000,3,5,11,19
Boyz n the Hood,1991,1990,11,8,16,35
Bright Star,2009,2000,23,8,4,35
Children of the Corn,1984,1980,26,6,12,44
Click,2006,2000,26,3,5,34
Con Air,1997,1990,23,4,8,35
Cop Land,1997,1990,26,3,8,37
Damsels in Distress,2011,2010,46,12,15,73
Days of Thunder,1990,1990,28,8,17,53
Dead Silence,2007,2000,44,2,5,51
DeepStar Six,1989,1980,28,5,7,40
Deja Vu,2006,2000,22,3,11,36
Diary of a Wimpy Kid,2010,2010,20,4,9,33
Disturbing Behavior,1998,1990,26,4,9,39
Eli,2019,2010,33,1,6,40
End of Days,1999,1990,13,5,14,32
Fahrenheit 451,2018,2010,33,10,11,54
Flipped,2010,2010,30,2,9,41
Frailty,2001,2000,17,3,12,32
Green Lantern,2011,2010,17,26,6,49
Hard Candy,2005,2000,23,2,7,32
Highway,2002,2000,31,4,3,38
I Smile Back,2015,2010,36,0,7,43
Identity,2003,2000,20,1,9,30
If I Had a Hammer,1999,1990,19,6,9,34
Indiana Jones and the Kingdom of the Crystal Skull,2008,2000,20,8,7,35
Ishtar,1987,1980,13,2,7,22
Jurassic World,2015,2010,10,6,6,22
Last Flag Flying,2017,2010,18,6,11,35
Live Free or Die Hard,2007,2000,5,1,3,9
Lost in America,1985,1980,35,4,18,57
Maria Full of Grace,2004,2000,11,5,19,35
The Matrix Revolutions,2003,2000,28,9,7,44
Never Let Me Go,2010,2010,15,4,3,22
Night at the Museum: Battle of the Smithsonian,2009,2000,22,5,6,33
Night at the Museum,2006,2000,22,5,6,33
9 to 5,1980,1980,21,21,6,48
The Odd Couple II,1998,1990,32,2,9,43
Outland,1981,1980,20,4,4,28
Patton,1970,1970,22,15,6,43
Payback,1999,1990,10,6,6,22
Piranha 3D,2010,2010,20,3,7,30
Planet 51,2009,2000,15,81,16,112
Predator 2,1990,1990,9,12,3,24
Prince of Persia: The Sands of Time,2010,2010,20,14,6,40
Rambo: First Blood Part II,1985,1980,13,4,1,18
Ran,1985,1980,11,14,3,28
Ready to Wear,1994,1990,27,4,8,39
RED,2010,2010,17,7,7,31
Rendition,2007,2000,15,7,2,24
Repo Men,2010,2010,19,4,5,28
Reservation Road,2007,2000,17,1,17,35
Resident Evil: Extinction,2007,2000,14,8,8,30
Richard Jewell,2019,2010,17,5,8,30
Robin Hood,2018,2010,26,14,6,46
Rolling Thunder,1977,1970,26,5,9,40
Salt,2010,2010,23,7,13,43
Sanctum,2011,2010,19,5,3,27
Sausage Party,2016,2010,76,6,6,88
Scary Movie,2000,2000,34,6,4,44
Scent of a Woman,1992,1990,33,4,4,41
Scream 4,2011,2010,22,3,8,33
Scrooged,1988,1980,28,5,11,44
Searching for Bobby Fischer,1993,1990,12,7,10,29
Secondhand Lions,2003,2000,16,18,7,41
Secretariat,2010,2010,26,1,9,36
Sex Drive,2008,2000,75,2,15,92
Sexy Beast,2000,2000,55,3,6,64
Shadow Dancer,2012,2010,11,5,6,22
Sixteen Candles,1984,1980,51,7,11,69
Skyline,2010,2010,22,4,5,31
Sleuth,2007,2000,14,6,4,24
Solomon Kane,2009,2000,12,13,3,28
Some Kind of Wonderful,1987,1980,29,3,19,51
Southern Comfort,1981,1980,8,6,3,17
Special,2003,2000,48,3,10,61
Stick It,2006,2000,19,3,8,30
Taken,2008,2000,16,9,5,30
Talladega Nights: The Ballad of Ricky Bobby,2006,2000,30,5,4,39
Terminator 3: Rise of the Machines,2003,2000,26,6,7,39
Thank You for Smoking,2005,2000,21,3,15,39
The Arrival,1996,1990,23,20,14,57
The Beaver,2011,2010,15,2,8,25
The Brave One,2007,2000,25,2,14,41
The Bridges of Madison County,1995,1990,34,4,22,60
The Burrowers,2008,2000,9,2,8,19
The Conspirator,2010,2010,13,5,5,23
The Crazies,2010,2010,17,5,13,35
The Death of Stalin,2017,2010,15,15,4,34
The Debt,2010,2010,15,3,8,26
The Descent: Part 2,2009,2000,12,2,2,16
The Descent,2005,2000,12,2,2,16
The Expendables,2010,2010,16,8,12,36
The Fly,1986,1980,11,3,17,31
The Fog,2005,2000,19,4,4,27
The Fog,1980,1980,19,4,4,27
The Great Outdoors,1988,1980,41,5,3,49
The Guard,2011,2010,18,5,6,29
The Happening,2008,2000,23,2,2,27
The House Bunny,2008,2000,66,0,4,70
The Howling,1981,1980,27,10,7,44
The Human Stain,2003,2000,32,4,14,50
The Irishman,2019,2010,11,3,11,25
The Jackal,1997,1990,18,14,12,44
The Lord of the Rings,1978,1970,2,6,1,9
The Low Life,1995,1990,15,4,0,19
The Miracle Worker,1962,1960,15,2,1,18
The Mist,2007,2000,15,8,8,31
The Mothman Prophecies,2002,2000,26,6,16,48
The Omega Man,1971,1970,22,5,8,35
The Only Living Boy in New York,2017,2010,36,1,15,52
The Others,2001,2000,13,7,1,21
The Punisher,1989,1980,19,4,5,28
The Ring,2002,2000,6,6,4,16
The Rise and Rise of Michael Rimmer,1970,1970,15,6,3,24
The Savages,2007,2000,23,32,9,64
The Smurfs,2011,2010,36,12,3,51
The Sound of Music,1965,1960,9,3,2,14
The Strangers,2008,2000,17,2,3,22
The Switch,2010,2010,28,4,18,50
The Tattooist,2007,2000,13,2,12,27
The Terminal,2004,2000,22,0,6,28
The Thing Called Love,1993,1990,52,6,7,65
The Town,2010,2010,15,1,12,28
The Village,2004,2000,6,1,2,9
The Warriors,1979,1970,14,3,24,41
The Way Back,2020,2020,11,12,2,25
The Wolfman,2010,2010,12,13,6,31
The Young Victoria,2009,2000,16,15,7,38
They,2002,2000,32,4,8,44
This Is the End,2013,2010,11,4,7,22
Time Bandits,1981,1980,7,13,8,28
The Time Machine,2002,2000,30,8,5,43
Tom and Huck,1995,1990,10,8,9,27
Tomb Raider,2018,2010,20,11,1,32
Tower Heist,2011,2010,19,6,5,30
Triple Frontier,2019,2010,21,14,5,40
Under the Mountain,2009,2000,16,4,4,24
Under the Skin,2013,2010,27,17,3,47
Unfaithful,2002,2000,34,0,9,43
Unforgiven,1992,1990,36,7,9,52
Unthinkable,2010,2010,17,9,5,31
Urban Legend,1998,1990,11,2,15,28
Vacancy,2007,2000,1,2,0,3
Valentine,2001,2000,33,3,7,43
WarGames,1983,1980,5,0,2,7
We Bought a Zoo,2011,2010,28,7,14,49
White House Down,2013,2010,17,1,4,22
Young Adult,2011,2010,35,4,12,51
Your Highness,2011,2010,33,13,13,59
21 Grams,2003,2000,23,0,10,33
99 Homes,2014,2010,22,3,4,29
About Schmidt,2002,2000,52,2,3,57
Baby Driver,2017,2010,26,10,12,48
Black Hawk Down,2001,2000,18,6,2,26
Boy Erased,2018,2010,24,2,29,55
Eighth Grade,2018,2010,21,6,5,32
First Reformed,2017,2010,11,4,6,21
Gosford Park,2001,2000,25,15,16,56
Her Smell,2018,2010,43,8,11,62
Honey Boy,2019,2010,25,1,1,27
Iron Man,2008,2000,26,3,4,33
Labor Day,2013,2010,21,6,6,33
Lars and the Real Girl,2007,2000,27,8,14,49
Learning to Drive,2014,2010,12,4,4,20
Little Women,2019,2010,46,10,18,74
Marriage Story,2019,2010,35,5,6,46
Mary Poppins Returns,2018,2010,19,4,5,28
Mary Queen of Scots,2018,2010,8,2,4,14
Midsommar,2019,2010,43,7,11,61
Notes on a Scandal,2006,2000,21,13,15,49
On the Basis of Sex,2018,2010,12,3,12,27
Roma,2018,2010,51,8,10,69
Hard Eight,1996,1990,17,0,7,24
Testament of Youth,2014,2010,62,9,6,77
The Aeronauts,2019,2010,9,6,12,27
The Babadook,2014,2010,23,22,11,56
The Farewell,2019,2010,21,4,15,40
The Lady in the Van,2015,2010,8,2,5,15
The Last Black Man in San Francisco,2019,2010,31,4,3,38
The Lighthouse,2019,2010,23,4,14,41
The Past,2013,2010,5,0,10,15
The Sisters Brothers,2018,2010,6,5,7,18
Son of Saul,2015,2010,3,1,3,7
The Two Popes,2019,2010,17,19,9,45
Waves,2019,2010,45,1,7,53
Zodiac,2007,2000,20,24,14,58
The Thirteenth Floor,1999,1990,8,1,6,15
The Poseidon Adventure,1972,1970,15,2,11,28
Timeline,2003,2000,8,2,3,13
Little Monsters,1989,1980,10,4,7,21
The Flintstones,1994,1990,19,7,9,35
The Horse Whisperer,1998,1990,61,6,15,82
Planet of the Apes,1968,1960,29,15,14,58
Thir13en Ghosts,2001,2000,13,2,7,22
16 Blocks,2006,2000,9,5,6,20
25th Hour,2002,2000,36,7,13,56
Three Kings,1999,1990,17,3,4,24
Five Feet High and Rising,2000,2000,2,0,0,2
The Fifth Estate,2013,2010,0,0,0,0
Ace Ventura: Pet Detective,1994,1990,17,7,7,31
The Adventures of Ford Fairlane,1990,1990,47,9,9,65
Jeffrey Archer: The Truth,2002,2000,8,20,13,41
Air Force One,1997,1990,14,5,2,21
Alfie,2004,2000,59,5,9,73
Almost Famous,2000,2000,35,8,8,51
American Outlaws,2001,2000,16,4,4,24
An American Werewolf in Paris,1997,1990,33,11,13,57
An Officer and a Gentleman,1982,1980,35,10,6,51
The Apartment,1960,1960,20,3,19,42
And Away We Go,2007,2000,34,6,14,54
Barbershop,2002,2000,10,10,9,29
Battle for the Planet of the Apes,1973,1970,5,3,2,10
Battlestar Galactica,2004,2000,21,7,7,35
Hair Show,2004,2000,48,25,6,79
Beetlejuice,1988,1980,45,5,7,57
Before Sunset,2004,2000,18,2,7,27
Beneath the Planet of the Apes,1970,1970,15,12,6,33
Beowulf,2007,2000,8,1,7,16
The Best Exotic Marigold Hotel,2011,2010,25,17,6,48
The Big Easy,1986,1980,11,7,4,22
Blast from the Past,1999,1990,44,4,9,57
Blood Diamonds,2001,2000,15,6,3,24
Bloodwork,2001,2000,1,2,9,12
Boiler Room,2000,2000,19,3,14,36
Bones,2005,2000,28,4,4,36
Bottle Rocket,1996,1990,27,5,10,42
Brazil,1985,1980,30,10,12,52
Buffy the Vampire Slayer,1997,1990,25,2,11,38
Butch Cassidy and the Sundance Kid,1969,1960,21,5,6,32
Cabin in the Woods,2020,2020,28,6,1,35
Casino Royale,2006,2000,28,4,7,39
Catwoman,2004,2000,48,4,7,59
Children of Men,2006,2000,20,7,7,34
Cider House Rules,2014,2010,32,5,14,51
Cinema Paradiso,1988,1980,25,13,2,40
Close Encounters of the Third Kind,1977,1970,28,8,13,49
Cloud Atlas,2012,2010,39,17,11,67
Clue,1985,1980,12,2,3,17
Collateral,2004,2000,7,19,13,39
Conquest of the Planet of the Apes,1972,1970,3,8,7,18
Conspiracy Theory,1997,1990,10,6,6,22
Cool Hand Luke,1967,1960,31,2,5,38
Copycat,1995,1990,24,12,17,53
Courage Under Fire,1996,1990,23,3,19,45
Cross of Iron,1977,1970,20,4,5,29
The Crow: Salvation,2000,2000,17,3,10,30
Dave,2020,2020,13,3,7,23
Days of Heaven,1978,1970,27,5,15,47
Deliverance,1972,1970,20,14,7,41
Demolition Man,1993,1990,12,15,9,36
Donnie Darko,2001,2000,14,2,12,28
The Girl Next Door,2004,2000,18,7,4,29
Dragon Slayer,1992,1990,16,6,6,28
Duel,1971,1970,7,3,3,13
Dumb and Dumber,2004,2000,42,7,2,51
NightMan,1997,1990,23,11,9,43
El cantante,2006,2000,47,15,17,79
The Electric Horseman,1979,1970,23,5,8,36
Elf,2003,2000,29,5,11,45
Elizabethtown,2005,2000,34,6,0,40
The Empty Mirror,1996,1990,17,14,8,39
Encrypt,2003,2000,12,3,5,20
Enemy of the State,1998,1990,8,3,6,17
The English Patient,1996,1990,17,10,6,33
Equilibrium,2002,2000,15,2,4,21
Executive Decision,1996,1990,8,8,3,19
Expendable,2008,2000,16,8,12,36
The Faculty,1998,1990,23,24,15,62
Fallen Angels,1995,1990,17,9,1,27
Final Analysis,1992,1990,28,17,11,56
The Fisher King,1991,1990,45,15,13,73
The Four Feathers,2002,2000,8,9,6,23
Frequency,2000,2000,13,1,16,30
Friday the 13th Part III,1982,1980,12,3,5,20
Full Body Massage,1995,1990,14,2,5,21
Fun with Dick and Jane,1977,1970,11,8,9,28
F,2010,2010,17,2,2,21
Ghost Ship,2002,2000,19,1,9,29
Girl with a Pearl Earring,2003,2000,21,3,7,31
Goldfinger,1964,1960,7,10,1,18
Good Luck Chuck,2007,2000,45,1,18,64
A Good Year,2006,2000,31,4,6,41
Grand Hotel,2019,2010,30,19,2,51
Happiness,1998,1990,31,3,9,43
Normal Adolescent Behavior,2007,2000,30,5,12,47
Heavy Metal,1981,1980,24,12,3,39
Hero,1992,1990,32,11,13,56
Hider in the House,1989,1980,39,5,7,51
Highlander: The Final Dimension,1994,1990,10,6,2,18
The Hitcher,1986,1980,15,5,8,28
Hitman,2007,2000,47,19,9,75
Homicide: The Movie,2000,2000,8,1,4,13
Hook,1991,1990,12,8,6,26
Hope and Glory,1987,1980,21,12,2,35
Twilight Zone: The Movie,1983,1980,34,15,16,65
House on Haunted Hill,1999,1990,17,4,8,29
The Last Man on Earth,1964,1960,64,18,10,92
I Hope They Serve Beer in Hell,2009,2000,51,6,11,68
I Think I Love My Wife,2007,2000,45,9,29,83
In the Heat of the Night,1967,1960,18,4,2,24
In the Valley of Elah,2007,2000,9,5,9,23
Independence Day,1996,1990,17,94,12,123
Innerspace,1987,1980,11,6,8,25
Inside Man,2006,2000,17,5,12,34
Jack Goes Boating,2010,2010,25,1,2,28
Jade,1995,1990,15,4,5,24
Jaws: The Revenge,1987,1980,15,7,9,31
Jeepers Creepers,2001,2000,15,6,10,31
John Q,2002,2000,27,11,17,55
Jonah: A VeggieTales Movie,2002,2000,20,5,4,29
Jurassic Park III,2001,2000,13,4,2,19
The Karate Kid,1984,1980,25,4,3,32
Kingdom of Heaven,2005,2000,15,9,7,31
Kiss of the Spider Woman,1985,1980,22,9,15,46
Knight Moves,1992,1990,20,5,11,36
Last Action Hero,1993,1990,30,19,10,59
Lawrence of Arabia,1962,1960,18,15,8,41
Letters from Iwo Jima,2006,2000,9,3,3,15
License to Drive,1988,1980,24,1,26,51
Life as a House,2001,2000,18,2,6,26
Life on Liberty Street,2004,2000,25,4,7,36
The Lion King,1994,1990,11,4,10,25
Little Children,2006,2000,35,9,9,53
Little Miss Sunshine,2006,2000,34,1,7,42
Looney Tunes: Back in Action,2003,2000,26,10,3,39
The Lost Son,1999,1990,20,7,23,50
Lost Souls,2000,2000,22,3,7,32
Luke and Brie Are on a First Date,2008,2000,22,3,4,29
MacGruber,2010,2010,27,2,10,39
Mandingo,1975,1970,21,5,8,34
Mean Girls,2004,2000,50,1,17,68
Memoirs of a Geisha,2005,2000,40,8,4,52
Memphis Belle,1990,1990,21,3,11,35
A Mighty Heart,2007,2000,15,5,7,27
Mighty Morphin Power Rangers,1994,1990,11,14,3,28
Million Dollar Baby,2004,2000,15,6,17,38
Minority Report,2002,2000,15,2,20,37
The Mirror Has Two Faces,1996,1990,74,7,16,97
Mission: Impossible II,2000,2000,32,4,3,39
Munich,2005,2000,24,11,15,50
My Name Is Bruce,2007,2000,21,21,6,48
My Own Private Idaho,1991,1990,12,5,3,20
Napoleon and Samantha,1972,1970,26,12,2,40
Near Dark,1987,1980,34,33,7,74
Network,1976,1970,38,3,8,49
Necromancer,1988,1980,34,16,7,57
Never Been Kissed,1999,1990,32,2,4,38
Street Kings,2008,2000,24,7,3,34
A Nightmare on Elm Street,1984,1980,10,4,3,17
Nothing But a Man,1964,1960,16,3,4,23
Nurse Betty,2000,2000,36,3,12,51
Olympus Has Fallen,2013,2010,2,15,2,19
Damien: Omen II,1978,1970,5,10,5,20
One Chance,2013,2010,30,2,5,37
You Only Live Twice,1967,1960,38,5,11,54
Outbreak,1993,1990,17,4,23,44
Panther,1995,1990,17,10,4,31
Paper Moon,1973,1970,38,5,9,52
The Parent Trap,1998,1990,71,2,17,90
Pearl Harbor,2001,2000,30,4,2,36
A Perfect Getaway,2009,2000,32,4,6,42
The Phantom Menace,2018,2010,10,23,4,37
The Phantom of the Opera,2004,2000,35,26,3,64
Philomena,2013,2010,39,7,12,58
The Place Beyond the Pines,2012,2010,18,7,10,35
Planet of the Apes,2001,2000,29,15,14,58
Playback,1962,1960,41,6,6,53
Poltergeist,1982,1980,39,2,0,41
Preacher,2016,2010,26,5,8,39
Prisoners,2013,2010,16,2,5,23
The Punisher,2004,2000,19,4,5,28
Quartet,2012,2010,23,5,4,32
Real Genius,1985,1980,25,4,8,37
Reasonable Doubt,2014,2010,14,9,3,26
Rent,2005,2000,43,4,10,57
Requiem for a Dream,2000,2000,30,6,11,47
Resident Evil,2002,2000,15,2,5,22
Return to Sender,2015,2010,36,1,6,43
Ringer,1996,1990,33,4,19,56
Rocky Balboa,2006,2000,19,4,7,30
Branagh Theatre Live: Romeo and Juliet,2016,2010,31,6,9,46
Royal Tenenbaums,2018,2010,16,6,7,29
The Rules of Attraction,2002,2000,45,3,13,61
The Saint,1962,1960,16,6,6,28
The Scarlet Letter,1995,1990,33,3,2,38
Scary Movie 2,2001,2000,34,6,4,44
Seven Days to Live,2000,2000,16,9,7,32
Seven Years in Tibet,1997,1990,2,0,3,5
Seven Psychopaths,2012,2010,28,39,21,88
Shampoo,1975,1970,47,1,14,62
Shine,1996,1990,11,3,5,19
Silverado,1985,1980,31,1,13,45
The Sixth Sense,1999,1990,16,4,15,35
Slackers,2002,2000,46,6,8,60
Smokey and the Bandit,1977,1970,33,3,5,41
Smoke,1995,1990,33,3,5,41
Somewhere in Time,1980,1980,24,1,3,28
Sounder,1972,1970,13,3,10,26
Spacejacked,1997,1990,11,0,3,14
Speed,1994,1990,19,1,4,24
Star Trek V: The Final Frontier,1989,1980,12,13,7,32
Star Trek: Insurrection,1998,1990,12,17,5,34
Star Trek: The Motion Picture,1979,1970,18,37,5,60
Stay,2005,2000,16,3,10,29
Stepmom,1998,1990,42,2,20,64
Stolen Summer,2002,2000,13,3,9,25
Stranger Than Fiction,2006,2000,22,0,12,34
Stuart Little 2,2002,2000,22,3,4,29
Superfights,1995,1990,17,8,4,29
Superman II,1980,1980,55,6,16,77
Superman III,1983,1980,55,6,16,77
Superman IV: The Quest for Peace,1987,1980,23,14,4,41
Superman,1978,1970,55,6,16,77
Sweet November,2001,2000,55,13,15,83
Swingers,1996,1990,46,7,5,58
Thief,1981,1980,9,1,8,18
The Thin Red Line,1964,1960,233,10,27,270
Three Days of the Condor,1975,1970,13,4,3,20
The Time Machine,1960,1960,30,8,5,43
Training Day,2001,2000,19,12,10,41
Troy,2004,2000,33,5,3,41
True Believer,1989,1980,12,16,17,45
True Romance,1993,1990,51,8,10,69
Twin Peaks: Fire Walk with Me,1992,1990,27,3,8,38
Unborn,2008,2000,2,0,2,4
Untraceable,2008,2000,19,9,8,36
V for Vendetta,2005,2000,29,8,8,45
Vantage Point,2008,2000,8,5,2,15
Velvet Goldmine,1998,1990,33,9,5,47
Vicky Cristina Barcelona,2008,2000,48,4,7,59
Wedding Crashers,2005,2000,28,6,23,57
The Wedding Date,2005,2000,40,1,8,49
What About Bob?,1991,1990,49,7,10,66
Who Framed Roger Rabbit,1988,1980,14,2,8,24
Willard,2003,2000,13,3,5,21
Spellbinder,1988,1980,27,6,11,44
The X Files,1998,1990,16,30,14,60
Y: The Last Man,2020,2020,20,8,6,34
Young Soul Rebels,1991,1990,16,5,7,28
30 Rock,2006,2000,5,1,1,7
Before Midnight,2013,2010,44,3,8,55
Breaking Bad,2008,2000,12,1,4,17
Butter,2011,2010,26,7,7,40
Game of Thrones,2011,2010,15,8,5,28
Hidden Figures,2016,2010,7,2,11,20
The Hustler,1961,1960,14,1,6,21
Leaving Las Vegas,1995,1990,43,4,6,53
Let Me In,2010,2010,25,5,3,33
Lethal Weapon,1987,1980,23,6,5,34
Lost,2004,2000,20,7,23,50
Reunion,2005,2000,17,3,6,26
Rushlights,2013,2010,24,5,15,44
Stranger Things,2016,2010,13,3,6,22
The Darjeeling Limited,2007,2000,11,0,8,19
The Incredible Hulk,2008,2000,10,14,4,28
Out of the Blue: Part 1,1985,1980,12,2,3,17
Goodfellas,1990,1990,20,5,6,31
12 Angry Men,1997,1990,30,16,22,68
Twelve,2010,2010,23,5,9,37
1917,2019,2010,19,1,7,27
20th Century Women,2016,2010,24,4,15,43
22 July,2018,2010,7,8,2,17
28 Days,2000,2000,23,2,7,32
47 Ronin,2013,2010,35,8,2,45
53:1,2015,2010,37,6,7,50
A Christmas Story,1983,1980,15,13,1,29
A Clockwork Orange,1971,1970,17,13,28,58
A Goofy Movie,1995,1990,12,1,3,16
The Haunting in Connecticut,2009,2000,38,9,6,53
A Simple Plan,1998,1990,8,2,6,16
A Single Man,2009,2000,30,3,3,36
A Star Is Born,1976,1970,37,3,8,48
After the Wedding,2019,2010,47,3,7,57
All Is True,2018,2010,32,5,3,40
All That Jazz,1979,1970,31,4,13,48
American Bully,2009,2000,24,10,11,45
An American Werewolf in London,1981,1980,18,1,9,28
Animal Among Us,2019,2010,28,5,3,36
Any Given Sunday,1999,1990,70,5,24,99
Arrival,2016,2010,9,31,9,49
Atonement,2007,2000,14,8,6,28
Avengers: Endgame,2019,2010,19,11,6,36
Back to the Future,1985,1980,8,5,16,29
Batman Begins,2005,2000,12,60,5,77
Batman Forever,1995,1990,22,69,9,100
Batman: Year One,2011,2010,24,25,4,53
Battle of the Sexes,2017,2010,38,1,9,48
Battlefield Earth,2000,2000,10,17,7,34
Beaches,1988,1980,35,1,17,53
Beautiful Girls,1996,1990,64,5,5,74
Before and After,1996,1990,42,7,16,65
The Birth of a Nation,2016,2010,13,4,10,27
Boy Who Never Slept,2006,2000,48,0,4,52
Breach,2007,2000,6,1,5,12
Bridge of Spies,2015,2010,17,18,9,44
Bright Angel,1990,1990,15,7,11,33
Broadcast News,1987,1980,36,6,14,56
The Angriest Man in Brooklyn,2014,2010,34,4,9,47
Cabaret,1972,1970,50,13,4,67
Call Me by Your Name,2017,2010,14,5,13,32
Calvary,2014,2010,18,4,6,28
Candyman,1992,1990,16,3,6,25
Capernaum,2018,2010,10,19,11,40
Carol,2015,2010,14,22,3,39
Chain Reaction,1996,1990,14,8,3,25
Chocolat,2000,2000,39,13,6,58
City Island,2009,2000,37,5,13,55
Colette,2018,2010,29,8,9,46
Conan,2010,2010,9,8,3,20
Crazy Heart,2009,2000,18,1,12,31
Crazy Rich Asians,2018,2010,54,4,6,64
Crusades,1995,1990,15,3,2,20
Pilot,2000,2000,24,12,5,41
Dark Games,2011,2010,13,0,6,19
Dazed and Confused,1993,1990,16,6,5,27
Death Proof,2007,2000,72,3,3,78
Denial,2016,2010,9,4,9,22
Die Hard with a Vengeance,1995,1990,11,2,4,17
Disobedience,2017,2010,16,0,5,21
Downsizing,2017,2010,55,5,20,80
The Watcher,2000,2000,8,3,1,12
Drugstore Cowboy,1989,1980,19,2,13,34
Dunkirk,2017,2010,3,0,2,5
Edge of Tomorrow,2014,2010,34,6,20,60
Elizabeth Blue,2017,2010,33,1,6,40
Elysium,2013,2010,34,32,16,82
Empire of the Sun,1987,1980,12,9,3,24
Enough Said,2013,2010,53,0,10,63
Equity,2016,2010,20,3,6,29
Erik the Viking,1989,1980,10,5,10,25
Evil Under the Sun,1982,1980,22,16,4,42
Eye in the Sky,2015,2010,21,22,3,46
Far from Heaven,2002,2000,58,3,4,65
Fear of Clowns,2004,2000,13,2,5,20
Fences,2016,2010,3,1,11,15
For Colored Girls,2010,2010,23,6,14,43
The Foundation,2006,2000,7,7,11,25
Frankie,2019,2010,48,4,6,58
Fried Green Tomatoes,1991,1990,67,6,11,84
Frost: Portrait of a Vampire,2003,2000,37,4,7,48
Fury,2014,2010,27,4,8,39
Galaxy Quest,1999,1990,27,44,8,79
Get Him to the Greek,2010,2010,48,2,9,59
GoldenEye,1995,1990,20,6,4,30
Gold,2016,2010,42,4,11,57
Gone Girl,2014,2010,47,9,22,78
Green Book,2018,2010,20,1,4,25
Green Guys,2011,2010,24,4,15,43
Hardball,1998,1990,34,7,4,45
Hardware,1990,1990,29,3,7,39
Harold and Maude,1971,1970,21,8,2,31
Harriet,2019,2010,24,11,4,39
Harry Potter and the Chamber of Secrets,2002,2000,8,9,13,30
Harry Potter and the Half Blood Prince,2009,2000,22,8,8,38
Harry Potter and the Order of the Phoenix,2007,2000,14,14,16,44
Hellraiser: Bloodline,1996,1990,29,14,4,47
The Paradise Virus,2003,2000,34,15,16,65
How Do You Know,2010,2010,53,6,14,73
Hustlers,2019,2010,19,8,4,31
Hyde Park on Hudson,2012,2010,40,5,6,51
I Know What You Did Last Summer,1997,1990,19,0,8,27
I Saw the Light,2015,2010,47,3,9,59
Idiocracy,2006,2000,26,13,19,58
Idle Hands,1999,1990,47,0,10,57
If Beale Street Could Talk,2018,2010,18,11,7,36
In Good Company,2004,2000,24,2,10,36
Inherent Vice,2014,2010,31,5,12,48
Inside Llewyn Davis,2013,2010,15,0,6,21
Inside Out,2015,2010,19,5,7,31
Invaders from Mars,1986,1980,3,3,2,8
Detective,1985,1980,17,7,7,31
Jackie,2016,2010,24,6,7,37
Joe Versus the Volcano,1990,1990,0,0,0,0
John Carter,2012,2010,19,8,3,30
Johnny Mnemonic,1995,1990,26,7,7,40
Julia,1977,1970,17,5,19,41
Julieta,2016,2010,36,3,3,42
Just Mercy,2019,2010,18,11,20,49
K2,1991,1990,30,15,7,52
Killer Klowns from Outer Space,1988,1980,19,6,5,30
Knives Out,2019,2010,15,7,0,22
Lady Bird,2017,2010,27,1,15,43
Land of Mine,2015,2010,31,1,8,40
Lethal Weapon 4,1998,1990,14,22,7,43
Letters to Juliet,2010,2010,27,4,15,46
Lion,2016,2010,30,12,18,60
Locke,2013,2010,18,2,4,24
Lone Survivor,2013,2010,27,4,5,36
Lon,2017,2010,29,6,7,42
Love Actually,2003,2000,93,8,15,116
Made in Dagenham,2010,2010,17,6,21,44
Made,2001,2000,32,5,5,42
Captain Phillips,2013,2010,25,4,8,37
Manchester by the Sea,2016,2010,42,1,8,51
MASH,1970,1970,111,3,6,120
Matchstick Men,2003,2000,26,7,7,40
Maverick,1994,1990,45,12,15,72
Me and Earl and the Dying Girl,2015,2010,41,5,21,67
Melvin and Howard,1980,1980,30,4,1,35
Michael Clayton,2007,2000,18,8,20,46
Miles Ahead,2015,2010,23,0,8,31
Missing,1982,1980,23,16,11,50
Mississippi Grind,2015,2010,28,16,6,50
Mistress America,2015,2010,36,0,9,45
Moneyball,2010,2010,28,3,13,44
Monsters University,2013,2010,17,8,5,30
Monster,2003,2000,18,4,6,28
Monty Python and the Holy Grail,1975,1970,20,6,6,32
Moonlight,2016,2010,8,1,12,21
Motherless Brooklyn,2019,2010,30,27,8,65
Mystery Men,1999,1990,24,5,6,35
Nebraska,2012,2010,15,3,11,29
Never Look Away,2018,2010,32,12,8,52
Nixon,1995,1990,31,28,21,80
Are We Done Yet?,2007,2000,16,2,3,21
Noah,2014,2010,14,2,9,25
Okja,2017,2010,33,12,4,49
Oldboy,2003,2000,20,8,9,37
On Golden Pond,1981,1980,37,9,7,53
Firetrap,2001,2000,11,1,1,13
Pacific Rim,2013,2010,22,7,5,34
Pain and Glory,2019,2010,16,7,7,30
Passenger 57,1992,1990,17,10,6,33
Pawn Sacrifice,2014,2010,19,2,11,32
Platoon,1986,1980,24,14,18,56
Please Give,2010,2010,63,3,14,80
Popeye,1980,1980,8,2,11,21
The Bunker,2011,2010,7,5,13,25
Promised Land,2012,2010,20,5,10,35
Punch Drunk Love,2016,2010,85,2,9,96
Quills,2000,2000,19,11,2,32
Rage of the Werewolf,1999,1990,10,6,5,21
Red Eye,2005,2000,13,1,3,17
Remember Me,2014,2010,27,4,5,36
Rocky V,1990,1990,25,6,19,50
Romancing the Stone,1984,1980,8,9,7,24
Up All Night,2011,2010,22,4,7,33
Rushmore,1998,1990,8,4,9,21
Salvador,1986,1980,23,5,9,37
Sasquatch Mountain,2006,2000,25,4,8,37
Second Act,2018,2010,26,3,4,33
Shadow,2018,2010,11,5,6,22
Shoot the Moon,1982,1980,45,0,9,54
The Silence,2015,2010,24,11,5,40
Silver Streak,1976,1970,26,15,1,42
Something Wicked This Way Comes,1983,1980,40,6,11,57
Spotlight,2015,2010,15,3,10,28
Star Trek: The Next Generation,1987,1980,21,13,5,39
Steve Jobs,2015,2010,22,9,25,56
Stone,2010,2010,13,7,12,32
Sucker,1998,1990,4,0,2,6
Sully,2016,2010,20,1,9,30
Summer of 84,2018,2010,21,4,12,37
Superman: The Man of Steel,2002,2000,20,44,7,71
Sweeney Todd,2006,2000,69,32,6,107
Tender Mercies,1983,1980,23,0,7,30
Terms of Endearment,1983,1980,50,6,29,85
Texas Chainsaw,2013,2010,13,0,2,15
The Artist,2011,2010,16,1,5,22
The Ballad of Buster Scruggs,2018,2010,14,2,4,20
Makebelieve,2000,2000,10,4,8,22
The Best Little Whorehouse in Texas,1982,1980,39,4,11,54
The Big Short,2015,2010,34,7,35,76
The Blast from the Past,2002,2000,44,4,9,57
The Box,2007,2000,10,7,5,22
The Boy Next Door,2015,2010,43,1,12,56
The Bucket List,2007,2000,21,2,6,29
The Bunker,2001,2000,7,5,13,25
The Cabin in the Woods,2011,2010,28,6,1,35
The Cell,2000,2000,36,6,8,50
The Client,1994,1990,29,13,10,52
The Comedian,2016,2010,22,6,7,35
The Company Men,2010,2010,22,4,4,30
The Cooler,2003,2000,23,3,6,32
The Corruptor,1999,1990,14,21,7,42
The Dark Knight,2008,2000,23,34,10,67
The Day After,1983,1980,28,8,7,43
The Diary of a Teenage Girl,2015,2010,51,1,15,67
The Disaster Artist,2017,2010,37,3,7,47
Krull,1983,1980,18,5,4,27
The End of the Tour,2015,2010,18,2,6,26
Fantastic Four,2015,2010,40,3,8,51
The Flintstones,1995,1990,19,7,9,35
The Florida Project,2017,2010,12,2,8,22
The Founder,2016,2010,17,5,5,27
The Front Runner,2018,2010,28,14,5,47
The Gift,2000,2000,50,7,12,69
The Grand Budapest Hotel,2014,2010,15,9,9,33
The Great Muppet Caper,1981,1980,34,3,11,48
The Happy Prince,2018,2010,22,10,8,40
The Hindenburg,1975,1970,22,10,4,36
The Hollars,2016,2010,28,1,13,42
The Hurt Locker,2008,2000,18,2,4,24
The Incredibles,2004,2000,64,5,4,73
The Interview,2014,2010,35,2,15,52
The Iron Lady,2011,2010,24,5,9,38
The Jerk,1979,1970,38,5,5,48
The Personal Diaries,2011,2010,15,10,4,29
The Last Castle,2001,2000,18,6,2,26
The Last House on the Left,2009,2000,48,2,8,58
The Last Temptation of Christ,1988,1980,7,15,17,39
The Lion in Winter,1968,1960,30,12,18,60
Surveillance,2000,2000,23,4,9,36
The Lorax,2012,2010,11,1,2,14
The Lost Boys,1987,1980,21,8,7,36
The Lost City of Z,2016,2010,34,14,13,61
Love Bones,2008,2000,28,4,4,36
The Man Who Invented Christmas,2017,2010,5,10,6,21
The Meddler,2015,2010,23,2,10,35
The Men Who Stare at Goats,2004,2000,33,0,6,39
The Messenger,2009,2000,19,10,3,32
The Meyerowitz Stories,2017,2010,25,3,13,41
The Midnight Meat Train,2008,2000,10,2,2,14
The Muppets,2011,2010,21,8,5,34
The New World,2005,2000,28,19,16,63
The Omen,1976,1970,12,2,14,28
The Parallax View,1974,1970,25,7,11,43
The Peanut Butter Falcon,2019,2010,0,0,0,0
The Pelican Brief,1993,1990,4,8,3,15
The Postman,1996,1990,24,4,11,39
The Post,2017,2010,12,4,7,23
The Reader,2008,2000,11,2,11,24
The Rider,2017,2010,17,5,3,25
The Royal Tenenbaums,2001,2000,16,6,7,29
The Russell Girl,2008,2000,35,2,14,51
The Saint,1997,1990,16,6,6,28
The Sandwich Days,2010,2010,2,0,0,2
The Shape of Water,2017,2010,33,4,2,39
The Shining,1980,1980,16,0,3,19
The Shipping News,2001,2000,51,12,16,79
The Song of Names,2019,2010,7,11,2,20
The Sting II,1983,1980,19,9,6,34
The Sting,1973,1970,14,6,6,26
The Thin Red Line,1998,1990,233,10,27,270
The Truman Show,1998,1990,12,6,11,29
The Twilight Saga: Eclipse,2010,2010,17,5,11,33
The Twilight Saga: New Moon,2009,2000,17,14,11,42
The Usual Suspects,1995,1990,8,15,3,26
The Utah Murder Project,2006,2000,27,3,12,42
The Watermelon Woman,1996,1990,52,4,18,74
The Way Way Back,2013,2010,28,0,3,31
The Wedding Singer,1998,1990,39,4,10,53
The Wife,2017,2010,32,3,8,43
The Witches of Eastwick,1987,1980,55,17,22,94
The Year of Living Dangerously,1982,1980,10,7,8,25
The Zero Theorem,2013,2010,16,11,8,35
There Will Be Blood,2007,2000,12,1,7,20
Timeline,2000,2000,8,2,3,13
To Kill a Mockingbird,1962,1960,18,9,9,36
Toni Erdmann,2016,2010,14,7,10,31
Tootsie,1982,1980,52,2,28,82
Toy Story 2,1999,1990,16,7,0,23
Toy Story 3,2010,2010,26,12,7,45
Toy Story,1995,1990,41,23,9,73
Trainwreck,2015,2010,56,2,14,72
Tremors,1990,1990,14,5,8,27
Trumbo,2015,2010,19,17,7,43
Truth,2015,2010,8,5,10,23
Unbroken,2014,2010,24,4,2,30
Us,2019,2010,11,1,8,20
Veep,2012,2010,16,10,7,33
Wadjda,2012,2010,22,4,4,30
Warning Shot,2018,2010,25,2,8,35
Waterworld,1995,1990,12,4,4,20
We Need to Talk About Kevin,2011,2010,55,12,16,83
What They Had,2018,2010,32,4,8,44
Where the Wild Things Are,2009,2000,5,2,9,16
Whiplash,2014,2010,12,1,2,15
Woman in Gold,2015,2010,29,5,8,42
Wonderstruck,2017,2010,9,4,5,18
Young Frankenstein,1974,1970,17,9,9,35
Zulu Dawn,1979,1970,7,2,3,12
21 Jump Street,2012,2010,26,7,3,36
A Dangerous Method,2011,2010,16,10,4,30
A Monster Calls,2016,2010,11,3,13,27
The Abduction,1996,1990,14,1,3,18
American Horror Story,2011,2010,32,1,4,37
An Adventure in Space and Time,2013,2010,18,11,6,35
ATM,2012,2010,9,2,5,16
Awake,2007,2000,5,0,2,7
Bad Words,2013,2010,10,13,3,26
Balls Out: Gary the Tennis Coach,2009,2000,33,4,13,50
Bareilly Ki Barfi,2017,2010,21,2,0,23
Barry,2016,2010,27,36,8,71
Before Sunrise,1995,1990,33,6,8,47
Blockers,2018,2010,37,6,7,50
Body of Lies,2008,2000,15,12,8,35
Cabin Fever: Family Friendly Version,2004,2000,24,4,17,45
Cloudy with a Chance of Meatballs,2009,2000,39,1,2,42
Concussion,2015,2010,17,10,21,48
Dangal,2016,2010,4,3,2,9
Death Sentence,2007,2000,9,5,9,23
Deep Impact,1998,1990,43,4,16,63
Mumbai Diaries,2010,2010,36,14,2,52
Body Double,1984,1980,8,2,17,27
Dumb and Dumberer: When Harry Met Lloyd,2003,2000,42,7,2,51
Fighting Belle,2017,2010,37,8,8,53
Forgetting Sarah Marshall,2008,2000,48,4,6,58
Four Lions,2010,2010,24,4,25,53
Friends with Benefits,2011,2010,44,1,10,55
Gangs of Wasseypur,2012,2010,7,2,2,11
Good Vibrations,2012,2010,7,7,5,19
Great Expectations,1998,1990,37,13,9,59
Hellbound: Hellraiser II,1988,1980,17,8,6,31
Hotel Transylvania 2,2015,2010,32,1,10,43
It Follows,2014,2010,22,7,11,40
John Tucker Must Die,2006,2000,49,4,11,64
Last Time Forever,2006,2000,6,0,5,11
Limbo,1999,1990,27,7,10,44
Smoke Gets in Your Eyes,1987,1980,23,5,4,32
Man Overboard,2008,2000,12,1,7,20
The Middleman,2008,2000,24,9,16,49
Mystic River,2003,2000,17,16,6,39
National Treasure,2004,2000,12,3,5,20
Newton,2017,2010,2,1,2,5
Ryan Hansen Solves Crimes on Television,2017,2010,17,2,3,22
Safe House,2012,2010,8,1,8,17
Stargate,1994,1990,15,12,6,33
The Suite Life on Deck,2008,2000,16,4,8,28
The Equalizer,2014,2010,17,7,3,27
The Last King,2003,2000,37,3,14,54
Wives and Lovers,1963,1960,81,4,7,92
Westworld,2016,2010,5,6,7,18
300,2006,2000,47,6,6,59
A Beautiful Mind,2001,2000,19,9,19,47
A History of Violence,2005,2000,39,17,27,83
A Separation,2011,2010,11,13,6,30
A Simple Favor,2018,2010,59,9,9,77
About Alex,2014,2010,18,3,9,30
Ad Astra,2019,2010,23,11,4,38
Alien: Covenant,2017,2010,38,69,3,110
All the Money in the World,2017,2010,12,8,7,27
Altered States,1980,1980,35,24,8,67
American Animals,2018,2010,46,12,12,70
American Ultra,2015,2010,20,10,5,35
Anaconda,1997,1990,18,2,7,27
Assassination Nation,2018,2010,37,2,16,55
Bad Boys for Life,2020,2020,7,3,3,13
Bad Times at the El Royale,2018,2010,14,4,16,34
Batman: Mask of the Phantasm,1993,1990,31,8,5,44
Batman v Superman: Dawn of Justice,2016,2010,28,23,10,61
Beverly Hills Cop,1984,1980,9,3,1,13
Bird Box,2018,2010,18,1,4,23
Blazing Saddles,1974,1970,13,4,8,25
Bloodshot,2020,2020,17,4,6,27
Blue Ruin,2013,2010,10,0,4,14
Brightburn,2019,2010,16,10,9,35
Bright,2017,2010,15,7,11,33
Caddyshack,1980,1980,41,6,5,52
Cape Fear,1962,1960,18,6,2,26
Car Wash,1976,1970,90,10,15,115
Cloverfield,2008,2000,7,5,3,15
Coming Home,1978,1970,43,6,7,56
Contagion,2011,2010,17,4,47,68
Cool Runnings,1993,1990,19,3,8,30
Crawl,2019,2010,24,2,3,29
Creed II,2018,2010,32,5,4,41
Creed,2015,2010,32,5,4,41
Crimson Peak,2015,2010,20,4,4,28
Daredevil,2003,2000,13,10,10,33
Darkest Hour,2017,2010,5,9,2,16
Death Note,2017,2010,5,18,4,27
Den of Thieves,2018,2010,30,13,2,45
Dirty Girl,2010,2010,46,2,13,61
Disclosure,1994,1990,23,3,8,34
Doctor Sleep,2019,2010,28,11,18,57
Downhill,2020,2020,17,1,9,27
DragonHeart,1996,1990,21,9,4,34
Driving Miss Daisy,1989,1980,23,4,14,41
End of Watch,2012,2010,24,18,3,45
Fatal Attraction,1987,1980,43,5,6,54
Fighting with My Family,2019,2010,20,2,1,23
First Blood,1982,1980,13,4,1,18
First They Killed My Father,2017,2010,24,8,7,39
Flashdance,1983,1980,23,9,9,41
Focus,2015,2010,30,4,7,41
Four Weddings and a Funeral,1994,1990,97,7,7,111
Frances Ha,2012,2010,23,9,5,37
Free Fire,2016,2010,6,5,4,15
Friday,1995,1990,17,2,2,21
Game Night,2018,2010,28,11,5,44
Girls Trip,2017,2010,48,3,13,64
Green Room,2015,2010,6,1,3,10
Hacksaw Ridge,2016,2010,13,5,3,21
Halloween III: Season of the Witch,1982,1980,13,1,5,19
Happy Death Day,2017,2010,35,1,17,53
Harlem Nights,1989,1980,39,8,12,59
Harry Potter and the Deathly Hallows: Part 1,2010,2010,27,6,6,39
Harry Potter and the Goblet of Fire,2005,2000,10,8,2,20
Harry Potter and the Prisoner of Azkaban,2004,2000,8,13,10,31
Hell or High Water,2016,2010,18,11,3,32
Hereditary,2018,2010,20,5,10,35
Hocus Pocus,1993,1990,24,7,3,34
Hold the Dark,2018,2010,27,5,8,40
Home Alone 2: Lost in New York,1992,1990,19,4,10,33
Home Alone,1990,1990,15,6,3,24
Horrible Bosses 2,2014,2010,26,17,6,49
Hot Fuzz,2007,2000,14,6,2,22
Infinitely Polar Bear,2014,2010,27,9,5,41
Ingrid Goes West,2017,2010,23,6,15,44
Insidious: Chapter 2,2013,2010,20,4,17,41
Jarhead,2005,2000,22,9,3,34
Joy,2015,2010,26,3,12,41
Jumanji,1995,1990,21,10,1,32
The Kings of Summer,2013,2010,20,3,7,30
Kingsman: The Secret Service,2014,2010,34,5,20,59
Kin,2018,2010,2,6,1,9
Knight and Day,2010,2010,27,2,10,39
Kubo and the Two Strings,2016,2010,26,4,4,34
Life Itself,2018,2010,33,7,9,49
Lights Out,2016,2010,12,2,2,16
Little Shop of Horrors,1986,1980,20,16,9,45
Love,2016,2010,81,4,7,92
Lucy in the Sky,2019,2010,22,3,9,34
Lucy,2014,2010,22,11,4,37
Mallrats,1995,1990,17,1,8,26
Match Point,2005,2000,37,11,10,58
Mid90s,2018,2010,29,7,19,55
Midway,2019,2010,11,7,13,31
Miss Sloane,2016,2010,9,12,18,39
Mudbound,2017,2010,29,1,6,36
My Big Fat Greek Wedding 2,2016,2010,20,0,7,27
My Cousin Vinny,1992,1990,13,6,12,31
My Friend Dahmer,2017,2010,18,3,8,29
New Jack City,1991,1990,27,7,10,44
Night of the Living Dead,1968,1960,27,14,6,47
Nocturnal Animals,2016,2010,42,5,11,58
Norma Rae,1979,1970,32,5,7,44
Notorious,2009,2000,32,7,14,53
Now You See Me,2013,2010,21,10,6,37
Only Lovers Left Alive,2013,2010,26,2,4,32
Overlord,2018,2010,13,4,10,27
Palm Springs,2020,2020,23,1,7,31
Paradise,2013,2010,13,15,5,33
Pet Sematary,2019,2010,29,7,7,43
Phantom Thread,2017,2010,28,1,7,36
Pirates of the Caribbean: Dead Men Tell No Tales,2017,2010,7,3,19,29
Pitch Perfect 2,2015,2010,32,1,6,39
Pitch Perfect,2012,2010,32,1,6,39
Pixels,2015,2010,54,19,8,81
Postcards from the Edge,1990,1990,29,4,16,49
Prince of Darkness,1987,1980,11,2,4,17
Raised by Wolves,2020,2020,9,12,8,29
Ready Player One,2018,2010,23,9,3,35
Reality Bites,1994,1990,26,4,7,37
Red Sparrow,2018,2010,32,19,11,62
Reign of Fire,2002,2000,22,4,4,30
Road to Perdition,2002,2000,10,3,4,17
Romeo Must Die,2000,2000,12,15,9,36
Ruby Sparks,2012,2010,40,4,6,50
Safety Not Guaranteed,2012,2010,33,3,11,47
Scary Stories to Tell in the Dark,2019,2010,12,4,10,26
Searching,2018,2010,12,7,10,29
Shaun of the Dead,2004,2000,13,0,8,21
Skyscraper,2018,2010,30,13,11,54
Slender Man,2018,2010,15,5,4,24
Snowpiercer,2013,2010,19,10,7,36
Spartacus,1960,1960,25,16,11,52
Splice,2009,2000,40,12,24,76
Submarine,2010,2010,7,5,2,14
Suburbicon,2017,2010,7,2,11,20
Sunshine,2007,2000,34,1,7,42
Super Dark Times,2017,2010,27,4,9,40
Suspiria,2018,2010,24,5,16,45
Team America: World Police,2004,2000,18,3,5,26
Tenet,2020,2020,16,15,6,37
The Accidental Tourist,1988,1980,22,6,17,45
The Aviator,2004,2000,51,9,6,66
The Babysitter,2017,2010,22,6,7,35
The Brady Bunch Movie,1995,1990,27,4,9,40
The Conjuring,2013,2010,20,4,4,28
The Craft,1996,1990,30,7,12,49
The Cutting Edge,1992,1990,30,3,10,43
The Danish Girl,2015,2010,20,4,5,29
The Double,2013,2010,20,3,6,29
The Driver,1978,1970,6,4,8,18
The Edge of Seventeen,2016,2010,45,4,12,61
The Fast and the Furious,2001,2000,21,5,11,37
The Fourth Kind,2009,2000,13,22,9,44
The Frighteners,1996,1990,17,3,6,26
The Gambler,2014,2010,13,9,12,34
The Girl on the Train,2016,2010,18,6,10,34
Who Framed the Good Cop?,2018,2010,10,12,4,26
The Good Dinosaur,2015,2010,8,2,0,10
The Goodbye Girl,1977,1970,35,2,22,59
The Great Escape,1963,1960,14,10,3,27
The Greatest Showman,2017,2010,20,9,15,44
The Guest,2014,2010,11,0,7,18
The Hole,2009,2000,14,1,2,17
The Holiday,2006,2000,65,2,8,75
The Hours,2002,2000,28,2,7,37
The Hunger Games,2012,2010,21,2,8,31
The Imitation Game,2014,2010,10,12,13,35
The Interpreter,2005,2000,11,13,5,29
The Iron Giant,1999,1990,20,7,2,29
The Killing of a Sacred Deer,2017,2010,25,2,8,35
The Lion King,2019,2010,11,4,10,25
The Last Picture Show,1971,1970,32,3,9,44
The Legend of Zorro,2005,2000,21,3,8,32
The Mask of Zorro,1998,1990,10,7,6,23
The Maze Runner,2014,2010,9,4,7,20
The Meg,2018,2010,18,12,9,39
The Mummy Returns,2001,2000,39,5,2,46
The Mummy: Tomb of the Dragon Emperor,2008,2000,23,2,5,30
The Nice Guys,2016,2010,29,5,5,39
The Nun,2018,2010,7,3,6,16
The Other Guys,2010,2010,49,13,17,79
The Other Side of the Wind,2018,2010,37,10,10,57
The Passion of the Christ,2004,2000,9,16,10,35
The Player,1992,1990,13,5,11,29
The Predator,2018,2010,21,22,7,50
The Purge,2013,2010,18,9,4,31
The Pursuit of Happyness,2006,2000,23,0,0,23
The Rookie,2002,2000,20,0,4,24
The Secret Life of Pets,2016,2010,13,2,8,23
The Spy Who Dumped Me,2018,2010,36,17,7,60
The Squid and the Whale,2005,2000,26,3,2,31
The Sun Is also a Star,2019,2010,22,4,6,32
The Texas Chain Saw Massacre,1974,1970,18,9,4,31
The Toy,1982,1980,12,6,5,23
The Tree of Life,2011,2010,21,13,21,55
The Unborn,2009,2000,2,0,2,4
The Love Witch,2016,2010,16,2,5,23
The Accountant,2016,2010,25,41,10,76
The Adventures of Tintin,2011,2010,7,12,8,27
The Grudge,2020,2020,31,3,25,59
The Lobster,2015,2010,19,5,1,25
Totem,2017,2010,10,0,6,16
Transcendence,2014,2010,14,6,16,36
Transformers,2007,2000,16,23,6,45
Tully,2018,2010,32,1,7,40
Under the Silver Lake,2018,2010,76,9,9,94
Upgrade,2018,2010,16,8,10,34
Welcome to Upload,2020,2020,31,6,3,40
Upstream Color,2013,2010,9,3,13,25
Velvet Buzzsaw,2019,2010,17,7,6,30
Victor Frankenstein,2015,2010,23,8,18,49
Vox Lux,2018,2010,18,5,15,38
War of the Worlds,2019,2010,2,4,2,8
While You Were Sleeping,1995,1990,16,2,8,26
Wind River,2017,2010,12,4,2,18
Wrongfully Accused,1998,1990,16,4,2,22
You Were Never Really Here,2017,2010,13,2,0,15
